Dates,Prices
2020-10-31,1.010496E+01
2020-11-01,1.011832E+01
2020-11-02,1.013168E+01
2020-11-03,1.014505E+01
2020-11-04,1.015841E+01
2020-11-05,1.017177E+01
2020-11-06,1.018512E+01
2020-11-07,1.019845E+01
2020-11-08,1.021177E+01
2020-11-09,1.022507E+01
2020-11-10,1.023834E+01
2020-11-11,1.025159E+01
2020-11-12,1.026481E+01
2020-11-13,1.027799E+01
2020-11-14,1.029113E+01
2020-11-15,1.030423E+01
2020-11-16,1.031729E+01
2020-11-17,1.033030E+01
2020-11-18,1.034326E+01
2020-11-19,1.035617E+01
2020-11-20,1.036901E+01
2020-11-21,1.038180E+01
2020-11-22,1.039452E+01
2020-11-23,1.040717E+01
2020-11-24,1.041975E+01
2020-11-25,1.043226E+01
2020-11-26,1.044468E+01
2020-11-27,1.045703E+01
2020-11-28,1.046929E+01
2020-11-29,1.048147E+01
2020-11-30,1.049355E+01
2020-12-01,1.050554E+01
2020-12-02,1.051743E+01
2020-12-03,1.052922E+01
2020-12-04,1.054091E+01
2020-12-05,1.055250E+01
2020-12-06,1.056397E+01
2020-12-07,1.057533E+01
2020-12-08,1.058658E+01
2020-12-09,1.059771E+01
2020-12-10,1.060872E+01
2020-12-11,1.061960E+01
2020-12-12,1.063036E+01
2020-12-13,1.064099E+01
2020-12-14,1.065149E+01
2020-12-15,1.066185E+01
2020-12-16,1.067208E+01
2020-12-17,1.068217E+01
2020-12-18,1.069211E+01
2020-12-19,1.070191E+01
2020-12-20,1.071157E+01
2020-12-21,1.072107E+01
2020-12-22,1.073042E+01
2020-12-23,1.073962E+01
2020-12-24,1.074866E+01
2020-12-25,1.075754E+01
2020-12-26,1.076626E+01
2020-12-27,1.077482E+01
2020-12-28,1.078321E+01
2020-12-29,1.079144E+01
2020-12-30,1.079950E+01
2020-12-31,1.080738E+01
2021-01-01,1.081510E+01
2021-01-02,1.082263E+01
2021-01-03,1.083000E+01
2021-01-04,1.083718E+01
2021-01-05,1.084418E+01
2021-01-06,1.085100E+01
2021-01-07,1.085764E+01
2021-01-08,1.086409E+01
2021-01-09,1.087036E+01
2021-01-10,1.087644E+01
2021-01-11,1.088233E+01
2021-01-12,1.088803E+01
2021-01-13,1.089354E+01
2021-01-14,1.089886E+01
2021-01-15,1.090398E+01
2021-01-16,1.090890E+01
2021-01-17,1.091364E+01
2021-01-18,1.091817E+01
2021-01-19,1.092251E+01
2021-01-20,1.092665E+01
2021-01-21,1.093058E+01
2021-01-22,1.093432E+01
2021-01-23,1.093786E+01
2021-01-24,1.094120E+01
2021-01-25,1.094433E+01
2021-01-26,1.094726E+01
2021-01-27,1.094999E+01
2021-01-28,1.095252E+01
2021-01-29,1.095484E+01
2021-01-30,1.095696E+01
2021-01-31,1.095887E+01
2021-02-01,1.096059E+01
2021-02-02,1.096209E+01
2021-02-03,1.096339E+01
2021-02-04,1.096449E+01
2021-02-05,1.096539E+01
2021-02-06,1.096608E+01
2021-02-07,1.096657E+01
2021-02-08,1.096685E+01
2021-02-09,1.096693E+01
2021-02-10,1.096681E+01
2021-02-11,1.096649E+01
2021-02-12,1.096596E+01
2021-02-13,1.096524E+01
2021-02-14,1.096431E+01
2021-02-15,1.096319E+01
2021-02-16,1.096186E+01
2021-02-17,1.096034E+01
2021-02-18,1.095862E+01
2021-02-19,1.095671E+01
2021-02-20,1.095460E+01
2021-02-21,1.095230E+01
2021-02-22,1.094980E+01
2021-02-23,1.094711E+01
2021-02-24,1.094424E+01
2021-02-25,1.094117E+01
2021-02-26,1.093791E+01
2021-02-27,1.093447E+01
2021-02-28,1.093085E+01
2021-03-01,1.092704E+01
2021-03-02,1.092305E+01
2021-03-03,1.091888E+01
2021-03-04,1.091453E+01
2021-03-05,1.091000E+01
2021-03-06,1.090530E+01
2021-03-07,1.090043E+01
2021-03-08,1.089538E+01
2021-03-09,1.089017E+01
2021-03-10,1.088479E+01
2021-03-11,1.087924E+01
2021-03-12,1.087353E+01
2021-03-13,1.086766E+01
2021-03-14,1.086163E+01
2021-03-15,1.085544E+01
2021-03-16,1.084910E+01
2021-03-17,1.084261E+01
2021-03-18,1.083596E+01
2021-03-19,1.082917E+01
2021-03-20,1.082224E+01
2021-03-21,1.081516E+01
2021-03-22,1.080795E+01
2021-03-23,1.080059E+01
2021-03-24,1.079310E+01
2021-03-25,1.078548E+01
2021-03-26,1.077773E+01
2021-03-27,1.076986E+01
2021-03-28,1.076186E+01
2021-03-29,1.075374E+01
2021-03-30,1.074550E+01
2021-03-31,1.073715E+01
2021-04-01,1.072868E+01
2021-04-02,1.072011E+01
2021-04-03,1.071142E+01
2021-04-04,1.070264E+01
2021-04-05,1.069376E+01
2021-04-06,1.068477E+01
2021-04-07,1.067570E+01
2021-04-08,1.066653E+01
2021-04-09,1.065728E+01
2021-04-10,1.064794E+01
2021-04-11,1.063852E+01
2021-04-12,1.062902E+01
2021-04-13,1.061944E+01
2021-04-14,1.060980E+01
2021-04-15,1.060008E+01
2021-04-16,1.059031E+01
2021-04-17,1.058046E+01
2021-04-18,1.057057E+01
2021-04-19,1.056061E+01
2021-04-20,1.055061E+01
2021-04-21,1.054055E+01
2021-04-22,1.053046E+01
2021-04-23,1.052032E+01
2021-04-24,1.051014E+01
2021-04-25,1.049993E+01
2021-04-26,1.048969E+01
2021-04-27,1.047942E+01
2021-04-28,1.046912E+01
2021-04-29,1.045881E+01
2021-04-30,1.044848E+01
2021-05-01,1.043813E+01
2021-05-02,1.042778E+01
2021-05-03,1.041742E+01
2021-05-04,1.040705E+01
2021-05-05,1.039669E+01
2021-05-06,1.038633E+01
2021-05-07,1.037598E+01
2021-05-08,1.036564E+01
2021-05-09,1.035531E+01
2021-05-10,1.034500E+01
2021-05-11,1.033472E+01
2021-05-12,1.032445E+01
2021-05-13,1.031422E+01
2021-05-14,1.030402E+01
2021-05-15,1.029386E+01
2021-05-16,1.028373E+01
2021-05-17,1.027365E+01
2021-05-18,1.026361E+01
2021-05-19,1.025362E+01
2021-05-20,1.024368E+01
2021-05-21,1.023380E+01
2021-05-22,1.022398E+01
2021-05-23,1.021422E+01
2021-05-24,1.020453E+01
2021-05-25,1.019491E+01
2021-05-26,1.018536E+01
2021-05-27,1.017588E+01
2021-05-28,1.016649E+01
2021-05-29,1.015718E+01
2021-05-30,1.014795E+01
2021-05-31,1.013881E+01
2021-06-01,1.012977E+01
2021-06-02,1.012082E+01
2021-06-03,1.011196E+01
2021-06-04,1.010321E+01
2021-06-05,1.009456E+01
2021-06-06,1.008602E+01
2021-06-07,1.007759E+01
2021-06-08,1.006928E+01
2021-06-09,1.006108E+01
2021-06-10,1.005299E+01
2021-06-11,1.004503E+01
2021-06-12,1.003720E+01
2021-06-13,1.002949E+01
2021-06-14,1.002191E+01
2021-06-15,1.001447E+01
2021-06-16,1.000716E+01
2021-06-17,9.999986E+00
2021-06-18,9.992954E+00
2021-06-19,9.986066E+00
2021-06-20,9.979323E+00
2021-06-21,9.972729E+00
2021-06-22,9.966285E+00
2021-06-23,9.959993E+00
2021-06-24,9.953857E+00
2021-06-25,9.947878E+00
2021-06-26,9.942058E+00
2021-06-27,9.936401E+00
2021-06-28,9.930907E+00
2021-06-29,9.925579E+00
2021-06-30,9.920419E+00
2021-07-01,9.915428E+00
2021-07-02,9.910610E+00
2021-07-03,9.905965E+00
2021-07-04,9.901496E+00
2021-07-05,9.897204E+00
2021-07-06,9.893091E+00
2021-07-07,9.889159E+00
2021-07-08,9.885409E+00
2021-07-09,9.881843E+00
2021-07-10,9.878462E+00
2021-07-11,9.875267E+00
2021-07-12,9.872261E+00
2021-07-13,9.869445E+00
2021-07-14,9.866819E+00
2021-07-15,9.864385E+00
2021-07-16,9.862144E+00
2021-07-17,9.860098E+00
2021-07-18,9.858247E+00
2021-07-19,9.856592E+00
2021-07-20,9.855134E+00
2021-07-21,9.853874E+00
2021-07-22,9.852814E+00
2021-07-23,9.851953E+00
2021-07-24,9.851292E+00
2021-07-25,9.850832E+00
2021-07-26,9.850574E+00
2021-07-27,9.850518E+00
2021-07-28,9.850665E+00
2021-07-29,9.851015E+00
2021-07-30,9.851568E+00
2021-07-31,9.852324E+00
2021-08-01,9.853285E+00
2021-08-02,9.854449E+00
2021-08-03,9.855817E+00
2021-08-04,9.857390E+00
2021-08-05,9.859166E+00
2021-08-06,9.861147E+00
2021-08-07,9.863331E+00
2021-08-08,9.865720E+00
2021-08-09,9.868311E+00
2021-08-10,9.871106E+00
2021-08-11,9.874103E+00
2021-08-12,9.877303E+00
2021-08-13,9.880704E+00
2021-08-14,9.884307E+00
2021-08-15,9.888110E+00
2021-08-16,9.892113E+00
2021-08-17,9.896315E+00
2021-08-18,9.900715E+00
2021-08-19,9.905313E+00
2021-08-20,9.910108E+00
2021-08-21,9.915098E+00
2021-08-22,9.920283E+00
2021-08-23,9.925661E+00
2021-08-24,9.931232E+00
2021-08-25,9.936993E+00
2021-08-26,9.942945E+00
2021-08-27,9.949085E+00
2021-08-28,9.955412E+00
2021-08-29,9.961925E+00
2021-08-30,9.968622E+00
2021-08-31,9.975502E+00
2021-09-01,9.982564E+00
2021-09-02,9.989804E+00
2021-09-03,9.997223E+00
2021-09-04,1.000482E+01
2021-09-05,1.001259E+01
2021-09-06,1.002053E+01
2021-09-07,1.002864E+01
2021-09-08,1.003692E+01
2021-09-09,1.004537E+01
2021-09-10,1.005398E+01
2021-09-11,1.006275E+01
2021-09-12,1.007168E+01
2021-09-13,1.008077E+01
2021-09-14,1.009002E+01
2021-09-15,1.009942E+01
2021-09-16,1.010898E+01
2021-09-17,1.011868E+01
2021-09-18,1.012852E+01
2021-09-19,1.013851E+01
2021-09-20,1.014865E+01
2021-09-21,1.015892E+01
2021-09-22,1.016932E+01
2021-09-23,1.017987E+01
2021-09-24,1.019054E+01
2021-09-25,1.020134E+01
2021-09-26,1.021226E+01
2021-09-27,1.022331E+01
2021-09-28,1.023448E+01
2021-09-29,1.024576E+01
2021-09-30,1.025716E+01
2021-10-01,1.026867E+01
2021-10-02,1.028029E+01
2021-10-03,1.029201E+01
2021-10-04,1.030384E+01
2021-10-05,1.031576E+01
2021-10-06,1.032778E+01
2021-10-07,1.033989E+01
2021-10-08,1.035210E+01
2021-10-09,1.036439E+01
2021-10-10,1.037676E+01
2021-10-11,1.038921E+01
2021-10-12,1.040174E+01
2021-10-13,1.041435E+01
2021-10-14,1.042702E+01
2021-10-15,1.043976E+01
2021-10-16,1.045257E+01
2021-10-17,1.046543E+01
2021-10-18,1.047835E+01
2021-10-19,1.049133E+01
2021-10-20,1.050436E+01
2021-10-21,1.051743E+01
2021-10-22,1.053055E+01
2021-10-23,1.054370E+01
2021-10-24,1.055690E+01
2021-10-25,1.057012E+01
2021-10-26,1.058338E+01
2021-10-27,1.059666E+01
2021-10-28,1.060996E+01
2021-10-29,1.062329E+01
2021-10-30,1.063663E+01
2021-10-31,1.064998E+01
2021-11-01,1.066334E+01
2021-11-02,1.067670E+01
2021-11-03,1.069007E+01
2021-11-04,1.070344E+01
2021-11-05,1.071680E+01
2021-11-06,1.073015E+01
2021-11-07,1.074349E+01
2021-11-08,1.075681E+01
2021-11-09,1.077011E+01
2021-11-10,1.078339E+01
2021-11-11,1.079664E+01
2021-11-12,1.080987E+01
2021-11-13,1.082306E+01
2021-11-14,1.083621E+01
2021-11-15,1.084933E+01
2021-11-16,1.086240E+01
2021-11-17,1.087542E+01
2021-11-18,1.088839E+01
2021-11-19,1.090131E+01
2021-11-20,1.091417E+01
2021-11-21,1.092697E+01
2021-11-22,1.093971E+01
2021-11-23,1.095238E+01
2021-11-24,1.096497E+01
2021-11-25,1.097750E+01
2021-11-26,1.098995E+01
2021-11-27,1.100231E+01
2021-11-28,1.101460E+01
2021-11-29,1.102679E+01
2021-11-30,1.103890E+01
2021-12-01,1.105091E+01
2021-12-02,1.106283E+01
2021-12-03,1.107465E+01
2021-12-04,1.108636E+01
2021-12-05,1.109797E+01
2021-12-06,1.110948E+01
2021-12-07,1.112087E+01
2021-12-08,1.113214E+01
2021-12-09,1.114330E+01
2021-12-10,1.115434E+01
2021-12-11,1.116526E+01
2021-12-12,1.117605E+01
2021-12-13,1.118671E+01
2021-12-14,1.119724E+01
2021-12-15,1.120764E+01
2021-12-16,1.121790E+01
2021-12-17,1.122802E+01
2021-12-18,1.123800E+01
2021-12-19,1.124784E+01
2021-12-20,1.125753E+01
2021-12-21,1.126707E+01
2021-12-22,1.127646E+01
2021-12-23,1.128570E+01
2021-12-24,1.129478E+01
2021-12-25,1.130370E+01
2021-12-26,1.131246E+01
2021-12-27,1.132106E+01
2021-12-28,1.132949E+01
2021-12-29,1.133776E+01
2021-12-30,1.134586E+01
2021-12-31,1.135379E+01
2022-01-01,1.136155E+01
2022-01-02,1.136913E+01
2022-01-03,1.137653E+01
2022-01-04,1.138376E+01
2022-01-05,1.139081E+01
2022-01-06,1.139768E+01
2022-01-07,1.140436E+01
2022-01-08,1.141086E+01
2022-01-09,1.141717E+01
2022-01-10,1.142330E+01
2022-01-11,1.142924E+01
2022-01-12,1.143499E+01
2022-01-13,1.144054E+01
2022-01-14,1.144591E+01
2022-01-15,1.145108E+01
2022-01-16,1.145605E+01
2022-01-17,1.146083E+01
2022-01-18,1.146542E+01
2022-01-19,1.146980E+01
2022-01-20,1.147399E+01
2022-01-21,1.147798E+01
2022-01-22,1.148177E+01
2022-01-23,1.148536E+01
2022-01-24,1.148874E+01
2022-01-25,1.149193E+01
2022-01-26,1.149491E+01
2022-01-27,1.149769E+01
2022-01-28,1.150027E+01
2022-01-29,1.150264E+01
2022-01-30,1.150481E+01
2022-01-31,1.150678E+01
2022-02-01,1.150854E+01
2022-02-02,1.151010E+01
2022-02-03,1.151145E+01
2022-02-04,1.151260E+01
2022-02-05,1.151355E+01
2022-02-06,1.151429E+01
2022-02-07,1.151483E+01
2022-02-08,1.151516E+01
2022-02-09,1.151529E+01
2022-02-10,1.151522E+01
2022-02-11,1.151495E+01
2022-02-12,1.151448E+01
2022-02-13,1.151380E+01
2022-02-14,1.151293E+01
2022-02-15,1.151185E+01
2022-02-16,1.151058E+01
2022-02-17,1.150910E+01
2022-02-18,1.150743E+01
2022-02-19,1.150557E+01
2022-02-20,1.150351E+01
2022-02-21,1.150125E+01
2022-02-22,1.149881E+01
2022-02-23,1.149617E+01
2022-02-24,1.149334E+01
2022-02-25,1.149032E+01
2022-02-26,1.148711E+01
2022-02-27,1.148371E+01
2022-02-28,1.148013E+01
2022-03-01,1.147637E+01
2022-03-02,1.147243E+01
2022-03-03,1.146830E+01
2022-03-04,1.146400E+01
2022-03-05,1.145951E+01
2022-03-06,1.145486E+01
2022-03-07,1.145003E+01
2022-03-08,1.144502E+01
2022-03-09,1.143985E+01
2022-03-10,1.143451E+01
2022-03-11,1.142900E+01
2022-03-12,1.142333E+01
2022-03-13,1.141750E+01
2022-03-14,1.141151E+01
2022-03-15,1.140537E+01
2022-03-16,1.139906E+01
2022-03-17,1.139261E+01
2022-03-18,1.138600E+01
2022-03-19,1.137925E+01
2022-03-20,1.137235E+01
2022-03-21,1.136531E+01
2022-03-22,1.135813E+01
2022-03-23,1.135081E+01
2022-03-24,1.134335E+01
2022-03-25,1.133576E+01
2022-03-26,1.132805E+01
2022-03-27,1.132020E+01
2022-03-28,1.131223E+01
2022-03-29,1.130414E+01
2022-03-30,1.129593E+01
2022-03-31,1.128761E+01
2022-04-01,1.127917E+01
2022-04-02,1.127062E+01
2022-04-03,1.126197E+01
2022-04-04,1.125321E+01
2022-04-05,1.124435E+01
2022-04-06,1.123539E+01
2022-04-07,1.122634E+01
2022-04-08,1.121719E+01
2022-04-09,1.120796E+01
2022-04-10,1.119864E+01
2022-04-11,1.118924E+01
2022-04-12,1.117976E+01
2022-04-13,1.117021E+01
2022-04-14,1.116058E+01
2022-04-15,1.115088E+01
2022-04-16,1.114112E+01
2022-04-17,1.113129E+01
2022-04-18,1.112141E+01
2022-04-19,1.111147E+01
2022-04-20,1.110148E+01
2022-04-21,1.109143E+01
2022-04-22,1.108135E+01
2022-04-23,1.107122E+01
2022-04-24,1.106105E+01
2022-04-25,1.105085E+01
2022-04-26,1.104061E+01
2022-04-27,1.103035E+01
2022-04-28,1.102006E+01
2022-04-29,1.100975E+01
2022-04-30,1.099942E+01
2022-05-01,1.098908E+01
2022-05-02,1.097873E+01
2022-05-03,1.096837E+01
2022-05-04,1.095801E+01
2022-05-05,1.094764E+01
2022-05-06,1.093728E+01
2022-05-07,1.092693E+01
2022-05-08,1.091658E+01
2022-05-09,1.090625E+01
2022-05-10,1.089594E+01
2022-05-11,1.088565E+01
2022-05-12,1.087538E+01
2022-05-13,1.086514E+01
2022-05-14,1.085493E+01
2022-05-15,1.084476E+01
2022-05-16,1.083462E+01
2022-05-17,1.082453E+01
2022-05-18,1.081448E+01
2022-05-19,1.080447E+01
2022-05-20,1.079452E+01
2022-05-21,1.078463E+01
2022-05-22,1.077479E+01
2022-05-23,1.076502E+01
2022-05-24,1.075531E+01
2022-05-25,1.074567E+01
2022-05-26,1.073610E+01
2022-05-27,1.072661E+01
2022-05-28,1.071719E+01
2022-05-29,1.070786E+01
2022-05-30,1.069861E+01
2022-05-31,1.068945E+01
2022-06-01,1.068038E+01
2022-06-02,1.067141E+01
2022-06-03,1.066253E+01
2022-06-04,1.065375E+01
2022-06-05,1.064508E+01
2022-06-06,1.063651E+01
2022-06-07,1.062805E+01
2022-06-08,1.061971E+01
2022-06-09,1.061148E+01
2022-06-10,1.060337E+01
2022-06-11,1.059538E+01
2022-06-12,1.058751E+01
2022-06-13,1.057977E+01
2022-06-14,1.057216E+01
2022-06-15,1.056468E+01
2022-06-16,1.055734E+01
2022-06-17,1.055013E+01
2022-06-18,1.054306E+01
2022-06-19,1.053614E+01
2022-06-20,1.052936E+01
2022-06-21,1.052273E+01
2022-06-22,1.051624E+01
2022-06-23,1.050991E+01
2022-06-24,1.050374E+01
2022-06-25,1.049772E+01
2022-06-26,1.049186E+01
2022-06-27,1.048616E+01
2022-06-28,1.048063E+01
2022-06-29,1.047526E+01
2022-06-30,1.047006E+01
2022-07-01,1.046502E+01
2022-07-02,1.046016E+01
2022-07-03,1.045547E+01
2022-07-04,1.045096E+01
2022-07-05,1.044662E+01
2022-07-06,1.044247E+01
2022-07-07,1.043849E+01
2022-07-08,1.043469E+01
2022-07-09,1.043108E+01
2022-07-10,1.042765E+01
2022-07-11,1.042441E+01
2022-07-12,1.042136E+01
2022-07-13,1.041849E+01
2022-07-14,1.041582E+01
2022-07-15,1.041334E+01
2022-07-16,1.041105E+01
2022-07-17,1.040895E+01
2022-07-18,1.040705E+01
2022-07-19,1.040535E+01
2022-07-20,1.040384E+01
2022-07-21,1.040253E+01
2022-07-22,1.040142E+01
2022-07-23,1.040051E+01
2022-07-24,1.039980E+01
2022-07-25,1.039929E+01
2022-07-26,1.039898E+01
2022-07-27,1.039888E+01
2022-07-28,1.039897E+01
2022-07-29,1.039927E+01
2022-07-30,1.039977E+01
2022-07-31,1.040048E+01
2022-08-01,1.040139E+01
2022-08-02,1.040250E+01
2022-08-03,1.040382E+01
2022-08-04,1.040534E+01
2022-08-05,1.040707E+01
2022-08-06,1.040900E+01
2022-08-07,1.041113E+01
2022-08-08,1.041347E+01
2022-08-09,1.041601E+01
2022-08-10,1.041875E+01
2022-08-11,1.042170E+01
2022-08-12,1.042485E+01
2022-08-13,1.042820E+01
2022-08-14,1.043175E+01
2022-08-15,1.043550E+01
2022-08-16,1.043946E+01
2022-08-17,1.044361E+01
2022-08-18,1.044796E+01
2022-08-19,1.045251E+01
2022-08-20,1.045725E+01
2022-08-21,1.046220E+01
2022-08-22,1.046733E+01
2022-08-23,1.047266E+01
2022-08-24,1.047818E+01
2022-08-25,1.048390E+01
2022-08-26,1.048980E+01
2022-08-27,1.049590E+01
2022-08-28,1.050218E+01
2022-08-29,1.050864E+01
2022-08-30,1.051529E+01
2022-08-31,1.052213E+01
2022-09-01,1.052914E+01
2022-09-02,1.053634E+01
2022-09-03,1.054371E+01
2022-09-04,1.055127E+01
2022-09-05,1.055899E+01
2022-09-06,1.056689E+01
2022-09-07,1.057496E+01
2022-09-08,1.058320E+01
2022-09-09,1.059160E+01
2022-09-10,1.060017E+01
2022-09-11,1.060890E+01
2022-09-12,1.061780E+01
2022-09-13,1.062685E+01
2022-09-14,1.063606E+01
2022-09-15,1.064542E+01
2022-09-16,1.065494E+01
2022-09-17,1.066460E+01
2022-09-18,1.067441E+01
2022-09-19,1.068437E+01
2022-09-20,1.069446E+01
2022-09-21,1.070470E+01
2022-09-22,1.071507E+01
2022-09-23,1.072558E+01
2022-09-24,1.073622E+01
2022-09-25,1.074699E+01
2022-09-26,1.075788E+01
2022-09-27,1.076890E+01
2022-09-28,1.078004E+01
2022-09-29,1.079129E+01
2022-09-30,1.080266E+01
2022-10-01,1.081415E+01
2022-10-02,1.082574E+01
2022-10-03,1.083743E+01
2022-10-04,1.084923E+01
2022-10-05,1.086113E+01
2022-10-06,1.087313E+01
2022-10-07,1.088522E+01
2022-10-08,1.089740E+01
2022-10-09,1.090967E+01
2022-10-10,1.092202E+01
2022-10-11,1.093446E+01
2022-10-12,1.094697E+01
2022-10-13,1.095955E+01
2022-10-14,1.097221E+01
2022-10-15,1.098493E+01
2022-10-16,1.099772E+01
2022-10-17,1.101057E+01
2022-10-18,1.102348E+01
2022-10-19,1.103644E+01
2022-10-20,1.104946E+01
2022-10-21,1.106252E+01
2022-10-22,1.107563E+01
2022-10-23,1.108877E+01
2022-10-24,1.110196E+01
2022-10-25,1.111518E+01
2022-10-26,1.112842E+01
2022-10-27,1.114170E+01
2022-10-28,1.115500E+01
2022-10-29,1.116832E+01
2022-10-30,1.118165E+01
2022-10-31,1.119500E+01
2022-11-01,1.120836E+01
2022-11-02,1.122173E+01
2022-11-03,1.123509E+01
2022-11-04,1.124846E+01
2022-11-05,1.126182E+01
2022-11-06,1.127517E+01
2022-11-07,1.128852E+01
2022-11-08,1.130184E+01
2022-11-09,1.131515E+01
2022-11-10,1.132844E+01
2022-11-11,1.134170E+01
2022-11-12,1.135493E+01
2022-11-13,1.136813E+01
2022-11-14,1.138129E+01
2022-11-15,1.139441E+01
2022-11-16,1.140750E+01
2022-11-17,1.142053E+01
2022-11-18,1.143352E+01
2022-11-19,1.144645E+01
2022-11-20,1.145932E+01
2022-11-21,1.147214E+01
2022-11-22,1.148489E+01
2022-11-23,1.149758E+01
2022-11-24,1.151019E+01
2022-11-25,1.152274E+01
2022-11-26,1.153521E+01
2022-11-27,1.154759E+01
2022-11-28,1.155990E+01
2022-11-29,1.157212E+01
2022-11-30,1.158425E+01
2022-12-01,1.159628E+01
2022-12-02,1.160822E+01
2022-12-03,1.162007E+01
2022-12-04,1.163181E+01
2022-12-05,1.164345E+01
2022-12-06,1.165497E+01
2022-12-07,1.166639E+01
2022-12-08,1.167770E+01
2022-12-09,1.168889E+01
2022-12-10,1.169996E+01
2022-12-11,1.171090E+01
2022-12-12,1.172173E+01
2022-12-13,1.173242E+01
2022-12-14,1.174298E+01
2022-12-15,1.175342E+01
2022-12-16,1.176371E+01
2022-12-17,1.177387E+01
2022-12-18,1.178388E+01
2022-12-19,1.179376E+01
2022-12-20,1.180348E+01
2022-12-21,1.181306E+01
2022-12-22,1.182249E+01
2022-12-23,1.183177E+01
2022-12-24,1.184089E+01
2022-12-25,1.184985E+01
2022-12-26,1.185865E+01
2022-12-27,1.186729E+01
2022-12-28,1.187576E+01
2022-12-29,1.188407E+01
2022-12-30,1.189222E+01
2022-12-31,1.190019E+01
2023-01-01,1.190799E+01
2023-01-02,1.191561E+01
2023-01-03,1.192306E+01
2023-01-04,1.193034E+01
2023-01-05,1.193743E+01
2023-01-06,1.194434E+01
2023-01-07,1.195107E+01
2023-01-08,1.195762E+01
2023-01-09,1.196398E+01
2023-01-10,1.197015E+01
2023-01-11,1.197614E+01
2023-01-12,1.198193E+01
2023-01-13,1.198754E+01
2023-01-14,1.199295E+01
2023-01-15,1.199817E+01
2023-01-16,1.200319E+01
2023-01-17,1.200802E+01
2023-01-18,1.201265E+01
2023-01-19,1.201709E+01
2023-01-20,1.202133E+01
2023-01-21,1.202537E+01
2023-01-22,1.202920E+01
2023-01-23,1.203284E+01
2023-01-24,1.203628E+01
2023-01-25,1.203952E+01
2023-01-26,1.204255E+01
2023-01-27,1.204538E+01
2023-01-28,1.204801E+01
2023-01-29,1.205043E+01
2023-01-30,1.205265E+01
2023-01-31,1.205467E+01
2023-02-01,1.205648E+01
2023-02-02,1.205809E+01
2023-02-03,1.205949E+01
2023-02-04,1.206070E+01
2023-02-05,1.206169E+01
2023-02-06,1.206248E+01
2023-02-07,1.206307E+01
2023-02-08,1.206346E+01
2023-02-09,1.206364E+01
2023-02-10,1.206362E+01
2023-02-11,1.206340E+01
2023-02-12,1.206298E+01
2023-02-13,1.206235E+01
2023-02-14,1.206153E+01
2023-02-15,1.206050E+01
2023-02-16,1.205928E+01
2023-02-17,1.205785E+01
2023-02-18,1.205623E+01
2023-02-19,1.205442E+01
2023-02-20,1.205241E+01
2023-02-21,1.205020E+01
2023-02-22,1.204780E+01
2023-02-23,1.204521E+01
2023-02-24,1.204242E+01
2023-02-25,1.203945E+01
2023-02-26,1.203629E+01
2023-02-27,1.203294E+01
2023-02-28,1.202941E+01
2023-03-01,1.202569E+01
2023-03-02,1.202179E+01
2023-03-03,1.201771E+01
2023-03-04,1.201345E+01
2023-03-05,1.200901E+01
2023-03-06,1.200440E+01
2023-03-07,1.199961E+01
2023-03-08,1.199465E+01
2023-03-09,1.198952E+01
2023-03-10,1.198422E+01
2023-03-11,1.197876E+01
2023-03-12,1.197313E+01
2023-03-13,1.196734E+01
2023-03-14,1.196139E+01
2023-03-15,1.195528E+01
2023-03-16,1.194902E+01
2023-03-17,1.194260E+01
2023-03-18,1.193603E+01
2023-03-19,1.192931E+01
2023-03-20,1.192245E+01
2023-03-21,1.191545E+01
2023-03-22,1.190830E+01
2023-03-23,1.190101E+01
2023-03-24,1.189359E+01
2023-03-25,1.188604E+01
2023-03-26,1.187835E+01
2023-03-27,1.187054E+01
2023-03-28,1.186260E+01
2023-03-29,1.185454E+01
2023-03-30,1.184636E+01
2023-03-31,1.183806E+01
2023-04-01,1.182965E+01
2023-04-02,1.182113E+01
2023-04-03,1.181250E+01
2023-04-04,1.180377E+01
2023-04-05,1.179494E+01
2023-04-06,1.178600E+01
2023-04-07,1.177697E+01
2023-04-08,1.176785E+01
2023-04-09,1.175864E+01
2023-04-10,1.174934E+01
2023-04-11,1.173996E+01
2023-04-12,1.173050E+01
2023-04-13,1.172097E+01
2023-04-14,1.171136E+01
2023-04-15,1.170168E+01
2023-04-16,1.169193E+01
2023-04-17,1.168212E+01
2023-04-18,1.167225E+01
2023-04-19,1.166232E+01
2023-04-20,1.165234E+01
2023-04-21,1.164231E+01
2023-04-22,1.163224E+01
2023-04-23,1.162212E+01
2023-04-24,1.161196E+01
2023-04-25,1.160176E+01
2023-04-26,1.159154E+01
2023-04-27,1.158128E+01
2023-04-28,1.157100E+01
2023-04-29,1.156069E+01
2023-04-30,1.155037E+01
2023-05-01,1.154003E+01
2023-05-02,1.152968E+01
2023-05-03,1.151932E+01
2023-05-04,1.150896E+01
2023-05-05,1.149860E+01
2023-05-06,1.148823E+01
2023-05-07,1.147788E+01
2023-05-08,1.146753E+01
2023-05-09,1.145720E+01
2023-05-10,1.144688E+01
2023-05-11,1.143658E+01
2023-05-12,1.142631E+01
2023-05-13,1.141606E+01
2023-05-14,1.140584E+01
2023-05-15,1.139566E+01
2023-05-16,1.138551E+01
2023-05-17,1.137541E+01
2023-05-18,1.136535E+01
2023-05-19,1.135533E+01
2023-05-20,1.134537E+01
2023-05-21,1.133546E+01
2023-05-22,1.132561E+01
2023-05-23,1.131582E+01
2023-05-24,1.130610E+01
2023-05-25,1.129644E+01
2023-05-26,1.128685E+01
2023-05-27,1.127734E+01
2023-05-28,1.126790E+01
2023-05-29,1.125855E+01
2023-05-30,1.124928E+01
2023-05-31,1.124010E+01
2023-06-01,1.123100E+01
2023-06-02,1.122201E+01
2023-06-03,1.121310E+01
2023-06-04,1.120430E+01
2023-06-05,1.119560E+01
2023-06-06,1.118701E+01
2023-06-07,1.117852E+01
2023-06-08,1.117015E+01
2023-06-09,1.116189E+01
2023-06-10,1.115375E+01
2023-06-11,1.114572E+01
2023-06-12,1.113783E+01
2023-06-13,1.113005E+01
2023-06-14,1.112241E+01
2023-06-15,1.111490E+01
2023-06-16,1.110752E+01
2023-06-17,1.110028E+01
2023-06-18,1.109318E+01
2023-06-19,1.108622E+01
2023-06-20,1.107940E+01
2023-06-21,1.107273E+01
2023-06-22,1.106621E+01
2023-06-23,1.105985E+01
2023-06-24,1.105363E+01
2023-06-25,1.104757E+01
2023-06-26,1.104167E+01
2023-06-27,1.103594E+01
2023-06-28,1.103036E+01
2023-06-29,1.102495E+01
2023-06-30,1.101970E+01
2023-07-01,1.101463E+01
2023-07-02,1.100972E+01
2023-07-03,1.100499E+01
2023-07-04,1.100043E+01
2023-07-05,1.099605E+01
2023-07-06,1.099185E+01
2023-07-07,1.098783E+01
2023-07-08,1.098399E+01
2023-07-09,1.098033E+01
2023-07-10,1.097686E+01
2023-07-11,1.097357E+01
2023-07-12,1.097047E+01
2023-07-13,1.096756E+01
2023-07-14,1.096483E+01
2023-07-15,1.096230E+01
2023-07-16,1.095997E+01
2023-07-17,1.095782E+01
2023-07-18,1.095587E+01
2023-07-19,1.095412E+01
2023-07-20,1.095256E+01
2023-07-21,1.095121E+01
2023-07-22,1.095005E+01
2023-07-23,1.094908E+01
2023-07-24,1.094832E+01
2023-07-25,1.094776E+01
2023-07-26,1.094740E+01
2023-07-27,1.094725E+01
2023-07-28,1.094729E+01
2023-07-29,1.094754E+01
2023-07-30,1.094799E+01
2023-07-31,1.094865E+01
2023-08-01,1.094951E+01
2023-08-02,1.095057E+01
2023-08-03,1.095183E+01
2023-08-04,1.095330E+01
2023-08-05,1.095498E+01
2023-08-06,1.095686E+01
2023-08-07,1.095894E+01
2023-08-08,1.096123E+01
2023-08-09,1.096372E+01
2023-08-10,1.096641E+01
2023-08-11,1.096931E+01
2023-08-12,1.097240E+01
2023-08-13,1.097570E+01
2023-08-14,1.097921E+01
2023-08-15,1.098291E+01
2023-08-16,1.098681E+01
2023-08-17,1.099092E+01
2023-08-18,1.099522E+01
2023-08-19,1.099972E+01
2023-08-20,1.100441E+01
2023-08-21,1.100930E+01
2023-08-22,1.101439E+01
2023-08-23,1.101967E+01
2023-08-24,1.102515E+01
2023-08-25,1.103081E+01
2023-08-26,1.103667E+01
2023-08-27,1.104272E+01
2023-08-28,1.104895E+01
2023-08-29,1.105537E+01
2023-08-30,1.106198E+01
2023-08-31,1.106877E+01
2023-09-01,1.107574E+01
2023-09-02,1.108289E+01
2023-09-03,1.109022E+01
2023-09-04,1.109772E+01
2023-09-05,1.110541E+01
2023-09-06,1.111326E+01
2023-09-07,1.112129E+01
2023-09-08,1.112948E+01
2023-09-09,1.113785E+01
2023-09-10,1.114638E+01
2023-09-11,1.115507E+01
2023-09-12,1.116392E+01
2023-09-13,1.117294E+01
2023-09-14,1.118211E+01
2023-09-15,1.119143E+01
2023-09-16,1.120091E+01
2023-09-17,1.121053E+01
2023-09-18,1.122031E+01
2023-09-19,1.123023E+01
2023-09-20,1.124029E+01
2023-09-21,1.125049E+01
2023-09-22,1.126083E+01
2023-09-23,1.127130E+01
2023-09-24,1.128191E+01
2023-09-25,1.129265E+01
2023-09-26,1.130351E+01
2023-09-27,1.131450E+01
2023-09-28,1.132561E+01
2023-09-29,1.133683E+01
2023-09-30,1.134817E+01
2023-10-01,1.135963E+01
2023-10-02,1.137119E+01
2023-10-03,1.138286E+01
2023-10-04,1.139464E+01
2023-10-05,1.140651E+01
2023-10-06,1.141849E+01
2023-10-07,1.143055E+01
2023-10-08,1.144271E+01
2023-10-09,1.145496E+01
2023-10-10,1.146729E+01
2023-10-11,1.147970E+01
2023-10-12,1.149220E+01
2023-10-13,1.150476E+01
2023-10-14,1.151740E+01
2023-10-15,1.153011E+01
2023-10-16,1.154288E+01
2023-10-17,1.155572E+01
2023-10-18,1.156861E+01
2023-10-19,1.158156E+01
2023-10-20,1.159456E+01
2023-10-21,1.160761E+01
2023-10-22,1.162071E+01
2023-10-23,1.163385E+01
2023-10-24,1.164702E+01
2023-10-25,1.166023E+01
2023-10-26,1.167347E+01
2023-10-27,1.168674E+01
2023-10-28,1.170004E+01
2023-10-29,1.171335E+01
2023-10-30,1.172668E+01
2023-10-31,1.174003E+01
2023-11-01,1.175338E+01
2023-11-02,1.176675E+01
2023-11-03,1.178011E+01
2023-11-04,1.179348E+01
2023-11-05,1.180684E+01
2023-11-06,1.182020E+01
2023-11-07,1.183354E+01
2023-11-08,1.184687E+01
2023-11-09,1.186019E+01
2023-11-10,1.187348E+01
2023-11-11,1.188675E+01
2023-11-12,1.189999E+01
2023-11-13,1.191319E+01
2023-11-14,1.192637E+01
2023-11-15,1.193950E+01
2023-11-16,1.195259E+01
2023-11-17,1.196564E+01
2023-11-18,1.197864E+01
2023-11-19,1.199158E+01
2023-11-20,1.200447E+01
2023-11-21,1.201730E+01
2023-11-22,1.203007E+01
2023-11-23,1.204278E+01
2023-11-24,1.205541E+01
2023-11-25,1.206797E+01
2023-11-26,1.208046E+01
2023-11-27,1.209287E+01
2023-11-28,1.210519E+01
2023-11-29,1.211743E+01
2023-11-30,1.212958E+01
2023-12-01,1.214164E+01
2023-12-02,1.215361E+01
2023-12-03,1.216548E+01
2023-12-04,1.217725E+01
2023-12-05,1.218891E+01
2023-12-06,1.220047E+01
2023-12-07,1.221191E+01
2023-12-08,1.222325E+01
2023-12-09,1.223446E+01
2023-12-10,1.224556E+01
2023-12-11,1.225654E+01
2023-12-12,1.226740E+01
2023-12-13,1.227812E+01
2023-12-14,1.228872E+01
2023-12-15,1.229918E+01
2023-12-16,1.230951E+01
2023-12-17,1.231971E+01
2023-12-18,1.232976E+01
2023-12-19,1.233967E+01
2023-12-20,1.234943E+01
2023-12-21,1.235905E+01
2023-12-22,1.236851E+01
2023-12-23,1.237782E+01
2023-12-24,1.238698E+01
2023-12-25,1.239598E+01
2023-12-26,1.240483E+01
2023-12-27,1.241351E+01
2023-12-28,1.242202E+01
2023-12-29,1.243038E+01
2023-12-30,1.243856E+01
2023-12-31,1.244657E+01
2024-01-01,1.245442E+01
2024-01-02,1.246209E+01
2024-01-03,1.246958E+01
2024-01-04,1.247690E+01
2024-01-05,1.248404E+01
2024-01-06,1.249099E+01
2024-01-07,1.249777E+01
2024-01-08,1.250436E+01
2024-01-09,1.251077E+01
2024-01-10,1.251699E+01
2024-01-11,1.252302E+01
2024-01-12,1.252886E+01
2024-01-13,1.253452E+01
2024-01-14,1.253998E+01
2024-01-15,1.254524E+01
2024-01-16,1.255032E+01
2024-01-17,1.255520E+01
2024-01-18,1.255988E+01
2024-01-19,1.256436E+01
2024-01-20,1.256865E+01
2024-01-21,1.257274E+01
2024-01-22,1.257663E+01
2024-01-23,1.258031E+01
2024-01-24,1.258380E+01
2024-01-25,1.258709E+01
2024-01-26,1.259017E+01
2024-01-27,1.259305E+01
2024-01-28,1.259573E+01
2024-01-29,1.259821E+01
2024-01-30,1.260048E+01
2024-01-31,1.260255E+01
2024-02-01,1.260441E+01
2024-02-02,1.260607E+01
2024-02-03,1.260753E+01
2024-02-04,1.260878E+01
2024-02-05,1.260983E+01
2024-02-06,1.261067E+01
2024-02-07,1.261131E+01
2024-02-08,1.261175E+01
2024-02-09,1.261198E+01
2024-02-10,1.261201E+01
2024-02-11,1.261184E+01
2024-02-12,1.261146E+01
2024-02-13,1.261089E+01
2024-02-14,1.261011E+01
2024-02-15,1.260914E+01
2024-02-16,1.260796E+01
2024-02-17,1.260659E+01
2024-02-18,1.260502E+01
2024-02-19,1.260325E+01
2024-02-20,1.260129E+01
2024-02-21,1.259913E+01
2024-02-22,1.259678E+01
2024-02-23,1.259424E+01
2024-02-24,1.259150E+01
2024-02-25,1.258858E+01
2024-02-26,1.258546E+01
2024-02-27,1.258216E+01
2024-02-28,1.257867E+01
2024-02-29,1.257500E+01
2024-03-01,1.257115E+01
2024-03-02,1.256711E+01
2024-03-03,1.256290E+01
2024-03-04,1.255850E+01
2024-03-05,1.255393E+01
2024-03-06,1.254919E+01
2024-03-07,1.254427E+01
2024-03-08,1.253918E+01
2024-03-09,1.253393E+01
2024-03-10,1.252850E+01
2024-03-11,1.252292E+01
2024-03-12,1.251717E+01
2024-03-13,1.251125E+01
2024-03-14,1.250519E+01
2024-03-15,1.249896E+01
2024-03-16,1.249258E+01
2024-03-17,1.248605E+01
2024-03-18,1.247937E+01
2024-03-19,1.247254E+01
2024-03-20,1.246557E+01
2024-03-21,1.245846E+01
2024-03-22,1.245121E+01
2024-03-23,1.244382E+01
2024-03-24,1.243630E+01
2024-03-25,1.242865E+01
2024-03-26,1.242087E+01
2024-03-27,1.241296E+01
2024-03-28,1.240493E+01
2024-03-29,1.239678E+01
2024-03-30,1.238851E+01
2024-03-31,1.238013E+01
2024-04-01,1.237164E+01
2024-04-02,1.236304E+01
2024-04-03,1.235433E+01
2024-04-04,1.234552E+01
2024-04-05,1.233661E+01
2024-04-06,1.232760E+01
2024-04-07,1.231850E+01
2024-04-08,1.230931E+01
2024-04-09,1.230004E+01
2024-04-10,1.229068E+01
2024-04-11,1.228124E+01
2024-04-12,1.227172E+01
2024-04-13,1.226213E+01
2024-04-14,1.225246E+01
2024-04-15,1.224273E+01
2024-04-16,1.223294E+01
2024-04-17,1.222308E+01
2024-04-18,1.221317E+01
2024-04-19,1.220321E+01
2024-04-20,1.219319E+01
2024-04-21,1.218312E+01
2024-04-22,1.217301E+01
2024-04-23,1.216287E+01
2024-04-24,1.215268E+01
2024-04-25,1.214246E+01
2024-04-26,1.213221E+01
2024-04-27,1.212193E+01
2024-04-28,1.211163E+01
2024-04-29,1.210132E+01
2024-04-30,1.209098E+01
2024-05-01,1.208063E+01
2024-05-02,1.207028E+01
2024-05-03,1.205991E+01
2024-05-04,1.204955E+01
2024-05-05,1.203919E+01
2024-05-06,1.202883E+01
2024-05-07,1.201848E+01
2024-05-08,1.200814E+01
2024-05-09,1.199782E+01
2024-05-10,1.198752E+01
2024-05-11,1.197724E+01
2024-05-12,1.196698E+01
2024-05-13,1.195676E+01
2024-05-14,1.194657E+01
2024-05-15,1.193641E+01
2024-05-16,1.192629E+01
2024-05-17,1.191622E+01
2024-05-18,1.190620E+01
2024-05-19,1.189622E+01
2024-05-20,1.188630E+01
2024-05-21,1.187643E+01
2024-05-22,1.186663E+01
2024-05-23,1.185688E+01
2024-05-24,1.184721E+01
2024-05-25,1.183760E+01
2024-05-26,1.182807E+01
2024-05-27,1.181862E+01
2024-05-28,1.180924E+01
2024-05-29,1.179995E+01
2024-05-30,1.179075E+01
2024-05-31,1.178163E+01
2024-06-01,1.177261E+01
2024-06-02,1.176368E+01
2024-06-03,1.175485E+01
2024-06-04,1.174613E+01
2024-06-05,1.173751E+01
2024-06-06,1.172899E+01
2024-06-07,1.172059E+01
2024-06-08,1.171230E+01
2024-06-09,1.170413E+01
2024-06-10,1.169608E+01
2024-06-11,1.168815E+01
2024-06-12,1.168035E+01
2024-06-13,1.167267E+01
2024-06-14,1.166513E+01
2024-06-15,1.165772E+01
2024-06-16,1.165044E+01
2024-06-17,1.164330E+01
2024-06-18,1.163631E+01
2024-06-19,1.162946E+01
2024-06-20,1.162275E+01
2024-06-21,1.161619E+01
2024-06-22,1.160979E+01
2024-06-23,1.160353E+01
2024-06-24,1.159744E+01
2024-06-25,1.159150E+01
2024-06-26,1.158572E+01
2024-06-27,1.158010E+01
2024-06-28,1.157465E+01
2024-06-29,1.156936E+01
2024-06-30,1.156424E+01
2024-07-01,1.155930E+01
2024-07-02,1.155452E+01
2024-07-03,1.154992E+01
2024-07-04,1.154550E+01
2024-07-05,1.154125E+01
2024-07-06,1.153718E+01
2024-07-07,1.153329E+01
2024-07-08,1.152959E+01
2024-07-09,1.152607E+01
2024-07-10,1.152273E+01
2024-07-11,1.151959E+01
2024-07-12,1.151663E+01
2024-07-13,1.151386E+01
2024-07-14,1.151128E+01
2024-07-15,1.150890E+01
2024-07-16,1.150670E+01
2024-07-17,1.150471E+01
2024-07-18,1.150290E+01
2024-07-19,1.150130E+01
2024-07-20,1.149989E+01
2024-07-21,1.149868E+01
2024-07-22,1.149767E+01
2024-07-23,1.149686E+01
2024-07-24,1.149625E+01
2024-07-25,1.149584E+01
2024-07-26,1.149563E+01
2024-07-27,1.149563E+01
2024-07-28,1.149582E+01
2024-07-29,1.149622E+01
2024-07-30,1.149683E+01
2024-07-31,1.149763E+01
2024-08-01,1.149865E+01
2024-08-02,1.149986E+01
2024-08-03,1.150128E+01
2024-08-04,1.150290E+01
2024-08-05,1.150473E+01
2024-08-06,1.150676E+01
2024-08-07,1.150900E+01
2024-08-08,1.151144E+01
2024-08-09,1.151408E+01
2024-08-10,1.151693E+01
2024-08-11,1.151997E+01
2024-08-12,1.152322E+01
2024-08-13,1.152668E+01
2024-08-14,1.153033E+01
2024-08-15,1.153418E+01
2024-08-16,1.153823E+01
2024-08-17,1.154249E+01
2024-08-18,1.154694E+01
2024-08-19,1.155158E+01
2024-08-20,1.155643E+01
2024-08-21,1.156147E+01
2024-08-22,1.156670E+01
2024-08-23,1.157213E+01
2024-08-24,1.157774E+01
2024-08-25,1.158355E+01
2024-08-26,1.158955E+01
2024-08-27,1.159574E+01
2024-08-28,1.160211E+01
2024-08-29,1.160867E+01
2024-08-30,1.161541E+01
2024-08-31,1.162234E+01
2024-09-01,1.162945E+01
2024-09-02,1.163673E+01
2024-09-03,1.164419E+01
2024-09-04,1.165183E+01
2024-09-05,1.165964E+01
2024-09-06,1.166763E+01
2024-09-07,1.167578E+01
2024-09-08,1.168410E+01
2024-09-09,1.169259E+01
2024-09-10,1.170124E+01
2024-09-11,1.171006E+01
2024-09-12,1.171903E+01
2024-09-13,1.172816E+01
2024-09-14,1.173745E+01
2024-09-15,1.174689E+01
2024-09-16,1.175648E+01
2024-09-17,1.176621E+01
2024-09-18,1.177610E+01
2024-09-19,1.178612E+01
2024-09-20,1.179629E+01
2024-09-21,1.180660E+01
2024-09-22,1.181704E+01
2024-09-23,1.182761E+01
2024-09-24,1.183831E+01
2024-09-25,1.184915E+01
2024-09-26,1.186010E+01
2024-09-27,1.187118E+01
2024-09-28,1.188238E+01
2024-09-29,1.189369E+01
2024-09-30,1.190512E+01
2024-10-01,1.191665E+01
2024-10-02,1.192830E+01
2024-10-03,1.194005E+01
2024-10-04,1.195190E+01
2024-10-05,1.196385E+01
2024-10-06,1.197589E+01
2024-10-07,1.198803E+01
2024-10-08,1.200025E+01
2024-10-09,1.201256E+01
2024-10-10,1.202496E+01
2024-10-11,1.203743E+01
2024-10-12,1.204998E+01
2024-10-13,1.206260E+01
2024-10-14,1.207529E+01
2024-10-15,1.208805E+01
2024-10-16,1.210087E+01
2024-10-17,1.211375E+01
2024-10-18,1.212668E+01
2024-10-19,1.213967E+01
2024-10-20,1.215271E+01
2024-10-21,1.216579E+01
2024-10-22,1.217892E+01
2024-10-23,1.219209E+01
2024-10-24,1.220529E+01
2024-10-25,1.221852E+01
2024-10-26,1.223179E+01
2024-10-27,1.224507E+01
2024-10-28,1.225838E+01
2024-10-29,1.227171E+01
2024-10-30,1.228505E+01
2024-10-31,1.229841E+01
2024-11-01,1.231177E+01
2024-11-02,1.232514E+01
2024-11-03,1.233850E+01
2024-11-04,1.235187E+01
2024-11-05,1.236522E+01
2024-11-06,1.237857E+01
2024-11-07,1.239191E+01
2024-11-08,1.240522E+01
2024-11-09,1.241852E+01
2024-11-10,1.243180E+01
2024-11-11,1.244504E+01
2024-11-12,1.245826E+01
2024-11-13,1.247144E+01
2024-11-14,1.248458E+01
2024-11-15,1.249769E+01
2024-11-16,1.251075E+01
2024-11-17,1.252376E+01
2024-11-18,1.253672E+01
2024-11-19,1.254962E+01
2024-11-20,1.256247E+01
2024-11-21,1.257525E+01
2024-11-22,1.258797E+01
2024-11-23,1.260062E+01
2024-11-24,1.261320E+01
2024-11-25,1.262571E+01
2024-11-26,1.263814E+01
2024-11-27,1.265048E+01
2024-11-28,1.266274E+01
2024-11-29,1.267492E+01
2024-11-30,1.268700E+01
2024-12-01,1.269899E+01
2024-12-02,1.271088E+01
2024-12-03,1.272268E+01
2024-12-04,1.273437E+01
2024-12-05,1.274595E+01
2024-12-06,1.275742E+01
2024-12-07,1.276879E+01
2024-12-08,1.278003E+01
2024-12-09,1.279116E+01
2024-12-10,1.280217E+01
2024-12-11,1.281306E+01
2024-12-12,1.282382E+01
2024-12-13,1.283445E+01
2024-12-14,1.284494E+01
2024-12-15,1.285531E+01
2024-12-16,1.286553E+01
2024-12-17,1.287562E+01
2024-12-18,1.288557E+01
2024-12-19,1.289537E+01
2024-12-20,1.290502E+01
2024-12-21,1.291452E+01
2024-12-22,1.292387E+01
2024-12-23,1.293307E+01
2024-12-24,1.294211E+01
2024-12-25,1.295099E+01
2024-12-26,1.295972E+01
2024-12-27,1.296827E+01
2024-12-28,1.297667E+01
2024-12-29,1.298489E+01
2024-12-30,1.299295E+01
2024-12-31,1.300084E+01
2025-01-01,1.300855E+01
2025-01-02,1.301609E+01
2025-01-03,1.302345E+01
2025-01-04,1.303063E+01
2025-01-05,1.303763E+01
2025-01-06,1.304445E+01
2025-01-07,1.305109E+01
2025-01-08,1.305755E+01
2025-01-09,1.306381E+01
2025-01-10,1.306989E+01
2025-01-11,1.307578E+01
2025-01-12,1.308148E+01
2025-01-13,1.308699E+01
2025-01-14,1.309231E+01
2025-01-15,1.309743E+01
2025-01-16,1.310236E+01
2025-01-17,1.310709E+01
2025-01-18,1.311162E+01
2025-01-19,1.311596E+01
2025-01-20,1.312010E+01
2025-01-21,1.312404E+01
2025-01-22,1.312777E+01
2025-01-23,1.313131E+01
2025-01-24,1.313465E+01
2025-01-25,1.313778E+01
2025-01-26,1.314072E+01
2025-01-27,1.314344E+01
2025-01-28,1.314597E+01
2025-01-29,1.314829E+01
2025-01-30,1.315041E+01
2025-01-31,1.315233E+01
2025-02-01,1.315404E+01
2025-02-02,1.315554E+01
2025-02-03,1.315685E+01
2025-02-04,1.315795E+01
2025-02-05,1.315884E+01
2025-02-06,1.315953E+01
2025-02-07,1.316002E+01
2025-02-08,1.316030E+01
2025-02-09,1.316038E+01
2025-02-10,1.316026E+01
2025-02-11,1.315994E+01
2025-02-12,1.315942E+01
2025-02-13,1.315869E+01
2025-02-14,1.315776E+01
2025-02-15,1.315664E+01
2025-02-16,1.315532E+01
2025-02-17,1.315379E+01
2025-02-18,1.315208E+01
2025-02-19,1.315016E+01
2025-02-20,1.314805E+01
2025-02-21,1.314575E+01
2025-02-22,1.314325E+01
2025-02-23,1.314057E+01
2025-02-24,1.313769E+01
2025-02-25,1.313462E+01
2025-02-26,1.313137E+01
2025-02-27,1.312793E+01
2025-02-28,1.312430E+01
2025-03-01,1.312049E+01
2025-03-02,1.311650E+01
2025-03-03,1.311233E+01
2025-03-04,1.310798E+01
2025-03-05,1.310345E+01
2025-03-06,1.309875E+01
2025-03-07,1.309388E+01
2025-03-08,1.308883E+01
2025-03-09,1.308362E+01
2025-03-10,1.307824E+01
2025-03-11,1.307269E+01
2025-03-12,1.306698E+01
2025-03-13,1.306111E+01
2025-03-14,1.305508E+01
2025-03-15,1.304889E+01
2025-03-16,1.304255E+01
2025-03-17,1.303606E+01
2025-03-18,1.302942E+01
2025-03-19,1.302263E+01
2025-03-20,1.301569E+01
2025-03-21,1.300862E+01
2025-03-22,1.300140E+01
2025-03-23,1.299405E+01
2025-03-24,1.298656E+01
2025-03-25,1.297894E+01
2025-03-26,1.297119E+01
2025-03-27,1.296331E+01
2025-03-28,1.295531E+01
2025-03-29,1.294719E+01
2025-03-30,1.293895E+01
2025-03-31,1.293060E+01
2025-04-01,1.292213E+01
2025-04-02,1.291356E+01
2025-04-03,1.290488E+01
2025-04-04,1.289609E+01
2025-04-05,1.288721E+01
2025-04-06,1.287823E+01
2025-04-07,1.286915E+01
2025-04-08,1.285998E+01
2025-04-09,1.285073E+01
2025-04-10,1.284139E+01
2025-04-11,1.283197E+01
2025-04-12,1.282247E+01
2025-04-13,1.281290E+01
2025-04-14,1.280325E+01
2025-04-15,1.279354E+01
2025-04-16,1.278376E+01
2025-04-17,1.277392E+01
2025-04-18,1.276402E+01
2025-04-19,1.275406E+01
2025-04-20,1.274406E+01
2025-04-21,1.273401E+01
2025-04-22,1.272391E+01
2025-04-23,1.271377E+01
2025-04-24,1.270359E+01
2025-04-25,1.269338E+01
2025-04-26,1.268314E+01
2025-04-27,1.267287E+01
2025-04-28,1.266257E+01
2025-04-29,1.265226E+01
2025-04-30,1.264193E+01
2025-05-01,1.263158E+01
2025-05-02,1.262123E+01
2025-05-03,1.261087E+01
2025-05-04,1.260050E+01
2025-05-05,1.259014E+01
2025-05-06,1.257978E+01
2025-05-07,1.256943E+01
2025-05-08,1.255909E+01
2025-05-09,1.254876E+01
2025-05-10,1.253846E+01
2025-05-11,1.252817E+01
2025-05-12,1.251791E+01
2025-05-13,1.250767E+01
2025-05-14,1.249747E+01
2025-05-15,1.248731E+01
2025-05-16,1.247718E+01
2025-05-17,1.246710E+01
2025-05-18,1.245706E+01
2025-05-19,1.244707E+01
2025-05-20,1.243714E+01
2025-05-21,1.242725E+01
2025-05-22,1.241743E+01
2025-05-23,1.240768E+01
2025-05-24,1.239798E+01
2025-05-25,1.238836E+01
2025-05-26,1.237881E+01
2025-05-27,1.236934E+01
2025-05-28,1.235994E+01
2025-05-29,1.235063E+01
2025-05-30,1.234140E+01
2025-05-31,1.233227E+01
2025-06-01,1.232322E+01
2025-06-02,1.231427E+01
2025-06-03,1.230542E+01
2025-06-04,1.229666E+01
2025-06-05,1.228802E+01
2025-06-06,1.227948E+01
2025-06-07,1.227105E+01
2025-06-08,1.226273E+01
2025-06-09,1.225453E+01
2025-06-10,1.224645E+01
2025-06-11,1.223849E+01
2025-06-12,1.223065E+01
2025-06-13,1.222294E+01
2025-06-14,1.221537E+01
2025-06-15,1.220792E+01
2025-06-16,1.220061E+01
2025-06-17,1.219344E+01
2025-06-18,1.218641E+01
2025-06-19,1.217952E+01
2025-06-20,1.217278E+01
2025-06-21,1.216618E+01
2025-06-22,1.215974E+01
2025-06-23,1.215345E+01
2025-06-24,1.214731E+01
2025-06-25,1.214133E+01
2025-06-26,1.213551E+01
2025-06-27,1.212985E+01
2025-06-28,1.212436E+01
2025-06-29,1.211903E+01
2025-06-30,1.211387E+01
2025-07-01,1.210888E+01
2025-07-02,1.210406E+01
2025-07-03,1.209942E+01
2025-07-04,1.209495E+01
2025-07-05,1.209066E+01
2025-07-06,1.208654E+01
2025-07-07,1.208261E+01
2025-07-08,1.207886E+01
2025-07-09,1.207530E+01
2025-07-10,1.207191E+01
2025-07-11,1.206872E+01
2025-07-12,1.206571E+01
2025-07-13,1.206290E+01
2025-07-14,1.206027E+01
2025-07-15,1.205784E+01
2025-07-16,1.205560E+01
2025-07-17,1.205355E+01
2025-07-18,1.205170E+01
2025-07-19,1.205004E+01
2025-07-20,1.204859E+01
2025-07-21,1.204733E+01
2025-07-22,1.204627E+01
2025-07-23,1.204541E+01
2025-07-24,1.204474E+01
2025-07-25,1.204428E+01
2025-07-26,1.204403E+01
2025-07-27,1.204397E+01
2025-07-28,1.204412E+01
2025-07-29,1.204447E+01
2025-07-30,1.204502E+01
2025-07-31,1.204578E+01
2025-08-01,1.204674E+01
2025-08-02,1.204790E+01
2025-08-03,1.204927E+01
2025-08-04,1.205084E+01
2025-08-05,1.205262E+01
2025-08-06,1.205460E+01
2025-08-07,1.205678E+01
2025-08-08,1.205917E+01
2025-08-09,1.206176E+01
2025-08-10,1.206456E+01
2025-08-11,1.206756E+01
2025-08-12,1.207076E+01
2025-08-13,1.207416E+01
2025-08-14,1.207776E+01
2025-08-15,1.208156E+01
2025-08-16,1.208557E+01
2025-08-17,1.208977E+01
2025-08-18,1.209417E+01
2025-08-19,1.209877E+01
2025-08-20,1.210356E+01
2025-08-21,1.210855E+01
2025-08-22,1.211374E+01
2025-08-23,1.211911E+01
2025-08-24,1.212468E+01
2025-08-25,1.213045E+01
2025-08-26,1.213640E+01
2025-08-27,1.214254E+01
2025-08-28,1.214886E+01
2025-08-29,1.215538E+01
2025-08-30,1.216207E+01
2025-08-31,1.216895E+01
2025-09-01,1.217602E+01
2025-09-02,1.218326E+01
2025-09-03,1.219068E+01
2025-09-04,1.219827E+01
2025-09-05,1.220604E+01
2025-09-06,1.221398E+01
2025-09-07,1.222209E+01
2025-09-08,1.223037E+01
2025-09-09,1.223882E+01
2025-09-10,1.224743E+01
2025-09-11,1.225620E+01
2025-09-12,1.226514E+01
2025-09-13,1.227423E+01
2025-09-14,1.228347E+01
2025-09-15,1.229288E+01
2025-09-16,1.230243E+01
2025-09-17,1.231213E+01
2025-09-18,1.232198E+01
2025-09-19,1.233197E+01
2025-09-20,1.234210E+01
2025-09-21,1.235237E+01
2025-09-22,1.236278E+01
2025-09-23,1.237332E+01
2025-09-24,1.238399E+01
2025-09-25,1.239479E+01
2025-09-26,1.240571E+01
2025-09-27,1.241676E+01
2025-09-28,1.242793E+01
2025-09-29,1.243921E+01
2025-09-30,1.245061E+01
